id,title,score,num_comments,author,created_utc,url,over_18,edited,spoiler,stickied,ups,upvote_ratio,selftext,thumbnail,total_awards_received,is_video
1hzf1xo,Illegally Smol Doggo,11999,79,_hereforthecomments,2025-01-12 04:46:30,https://v.redd.it/x247db8gthce1,False,False,False,False,11999,0.96,,"https://external-preview.redd.it/b3M4MndkMWd0aGNlMb0VefqGqt87o9SeVl8x7E67TLYlfJNI02k3m3BYmYAj.png?width=140&height=140&crop=140:140,smart&format=jpg&v=enabled&lthumb=true&s=bfa7fe84d26f9ec609a74485a083f55760c3eb5f",0,True
1hzmjco,"Mom cat introduces her brother dog, her tiny cat",6734,42,Dazzle_Daisyy,2025-01-12 13:21:48,https://v.redd.it/zqxugv27dkce1,False,False,False,False,6734,0.99,,"https://external-preview.redd.it/Znd3c2F4Mjdka2NlMVycjqTAgClAt7qrCLlX48TJHIqckW65MXRu3QYicSh3.png?width=140&height=140&crop=140:140,smart&format=jpg&v=enabled&lthumb=true&s=f45151eb3b136973119d3b8a78fe08898e64b674",0,True
1hzmdw1,That smile,6016,31,cupcaakeDarlings,2025-01-12 13:13:25,https://v.redd.it/5ayu3bivbkce1,False,False,False,False,6016,0.99,,"https://external-preview.redd.it/YmE0a3BhaXZia2NlMbAWGBIor5ff_AsMr6Ng1RtTN3XZT1u3L8J0WI99MduV.png?width=140&height=140&crop=140:140,smart&format=jpg&v=enabled&lthumb=true&s=c3eab733f9637fc00843575c4a6db709aba33d39",0,True
1hzmd39,"doggo vibing to happy birthday!
",4854,27,No-Perspective-8253,2025-01-12 13:12:10,https://v.redd.it/9h2aklbnqjce1,False,False,False,False,4854,1.0,,"https://external-preview.redd.it/aXRkZjdyYm5xamNlMT68V4qdQL_gRfrL4FmyLH7wP-yRIWohC9czkg4Ih_pZ.png?width=140&height=140&crop=140:140,smart&format=jpg&v=enabled&lthumb=true&s=16e91ad4d7252f0fe97c7bfe8a44b2c95c19a27e",0,True
1hzu57x,Neigh-ver thought I’d see a horse making snow angels…,3162,29,Accurate_Shine5695,2025-01-12 19:07:08,https://i.imgur.com/gyFZNCC.gifv,False,False,False,False,3162,0.98,,https://a.thumbs.redditmedia.com/C0GzkrmHPg2dc0aYfsRIiPyyKPqprXN9dbLhwJ-E2D8.jpg,0,False
1hzjzo1,Mom convinces her little cubs to perfect their swimming skills,2397,24,jewweelPrincesss,2025-01-12 10:31:53,https://v.redd.it/jnupxle0jjce1,False,False,False,False,2397,1.0,,"https://external-preview.redd.it/bm1uNmkyZzBqamNlMUvBZi6n-jliqltD33Fgir_hWfHpBfJiClpEmpmumNW7.png?width=140&height=140&crop=140:140,smart&format=jpg&v=enabled&lthumb=true&s=d1a19d221bb8b54cd749a926a4603721db96f76d",0,True
1hzj4sb,Best Friends,2000,5,Ok_Mobile_6309,2025-01-12 09:27:58,https://v.redd.it/zi7ataca7jce1,False,False,False,False,2000,1.0,,"https://external-preview.redd.it/ZzZwd3ZhY2E3amNlMTlVbRMWM4a_8B1pQ2Ya615inevSyjMb12lOA7pePUjs.png?width=140&height=140&crop=140:140,smart&format=jpg&v=enabled&lthumb=true&s=e8901f0e334512043ec2b5fc6c41c8cbfc9bf5de",0,True
1hzginr,The children are frozen.,1473,22,LoveFairyOF,2025-01-12 06:18:26,https://v.redd.it/828mi0ge7ice1,False,False,False,False,1473,0.99,,"https://external-preview.redd.it/c2NpaTExZ2U3aWNlMVdtUY7E-GskbhvWflWIMeJV3SH9fbI4kD_FgClYGxtP.png?width=140&height=140&crop=140:140,smart&format=jpg&v=enabled&lthumb=true&s=eba95b8f9f81abae679ac6b258ebcbdd01601844",0,True
1hzg78r,Be kind for no reason. 💜,1199,18,tdomer80,2025-01-12 05:57:06,https://v.redd.it/shsesl369wbe1,False,False,False,False,1199,0.99,,default,0,False
1hzjobd,Pet me human!,1194,31,Willow_Wynter,2025-01-12 10:07:59,https://v.redd.it/czepcmanejce1,False,False,False,False,1194,0.99,,"https://external-preview.redd.it/N2QzMHNsYW5lamNlMcJxhpOnyZ_Qrlcu1sfh3NQJpS-63sUTsTpdBhORINi3.png?width=140&height=140&crop=140:140,smart&format=jpg&v=enabled&lthumb=true&s=5a91390df233ebff1979e616fb2bba3331caaf9c",0,True
1hzvpsp,Living his finest life! ,319,14,Zippier92,2025-01-12 20:12:43,https://v.redd.it/u0btdxkymjce1,False,False,False,False,319,0.94,,default,0,False
1i00hod,One year ago Georgie found a kitten. Year later he and Sylvester are best buddies,645,6,Willow_Wynter,2025-01-12 23:42:07,https://v.redd.it/kp0gi78zfnce1,False,False,False,False,645,1.0,,"https://external-preview.redd.it/bGNkZDM4OHpmbmNlMXSHQhBxjZwcwZ-Z0kq-A3Zgm57gEuOg4loLOwJsuuIW.png?width=140&height=140&crop=140:140,smart&format=jpg&v=enabled&lthumb=true&s=673a1cd77cbf652ab26a0bf42be4b74a6bace328",0,True
1hzpqth,Overdose of tenderness,241,5,AlessandraEc89,2025-01-12 15:59:41,https://v.redd.it/e3x102xj5lce1,False,False,False,False,241,1.0,,"https://external-preview.redd.it/Z2k2cmpkcGo1bGNlMcHdVoBqkCOYhIKajw6T9hnlqRwk_wYulSALje7JYGOP.png?width=140&height=140&crop=140:140,smart&format=jpg&v=enabled&lthumb=true&s=74a7b20b01cbeb87dbca85cdef75ae350dea4496",0,True
1hzqgfc,3 days old ,222,12,GladTrouble1088,2025-01-12 16:30:39,https://www.reddit.com/gallery/1hzqgfc,False,False,False,False,222,1.0,,https://b.thumbs.redditmedia.com/_c3rnKwlBVvNFzA-zV4rNFdZXc547JtKAnehbYlWqUY.jpg,0,False
1hzkhkh,My new kitten,194,11,MiniCharlotte,2025-01-12 11:08:30,https://v.redd.it/jj3vo75jpjce1,False,False,False,False,194,0.99,,"https://external-preview.redd.it/ZGZ3OTNjNWpwamNlMS6xOCewAuAskY-CSgTxC5Kf4Yws2dhSuqDci1UGMiBp.png?width=140&height=140&crop=140:140,smart&format=jpg&v=enabled&lthumb=true&s=5155552da32d5684580c670f9f85665b52e81ab4",0,True
1hzk5fl,Mama saw tourists and came to rescue her babies,194,3,Lily_Jeweels,2025-01-12 10:43:47,https://v.redd.it/6vjwsoo5ljce1,False,False,False,False,194,0.99,,"https://external-preview.redd.it/cm8zZWp6bzVsamNlMeUX4lgMTSkV2MTpHlKSR8VOTWivGXyXxJwV2L_4ReNk.png?width=140&height=140&crop=140:140,smart&format=jpg&v=enabled&lthumb=true&s=3973676e373a3821e00214e4a3de7154cec6cfaa",0,True
1hzqbuz,No explanation needed,188,4,Sweet__Starlet,2025-01-12 16:25:11,https://v.redd.it/mt781j83alce1,False,False,False,False,188,0.99,,"https://external-preview.redd.it/YnE2eDlrODNhbGNlMZhkthj3-NUY5WkIxw8iN86yB8ztR_V3QsHkLNGXoL-A.png?width=140&height=140&crop=140:140,smart&format=jpg&v=enabled&lthumb=true&s=a9bcb82826ba34cec4a02c2704e34bb6060840e3",0,True
1hzlrwe,She's so proud of herself,182,3,Butterrcup_Fawns,2025-01-12 12:36:39,https://v.redd.it/v4oi4kma5kce1,False,False,False,False,182,0.99,,"https://external-preview.redd.it/Z3JiejJubWE1a2NlMVImW401xPXW10jiut1za-wwq2jqnvlDVd5b7KafeU69.png?width=140&height=140&crop=140:140,smart&format=jpg&v=enabled&lthumb=true&s=ebd10783c7df6760abb506453cef19adc8060f81",0,True
1i012il,When your dog notices your unhappy and offers his favorite toy to comfort you,560,14,Pianist_Creative,2025-01-13 00:09:52,https://v.redd.it/v9za3xswknce1,False,False,False,False,560,0.99,,"https://external-preview.redd.it/d2Q1anMzdndrbmNlMa7sbH9kuiYzOfJ6nLWVmdPs7rGyFtfIqiv-lp7PERmi.png?width=140&height=140&crop=140:140,smart&format=jpg&v=enabled&lthumb=true&s=793218e3c67900403efda003ff4b9b7f503518dc",0,True
1hzwlov,The armored pointy horse is in a cuddly mood!,123,4,QirfampijJipno,2025-01-12 20:50:40,https://v.redd.it/amt54r7flmce1,False,False,False,False,123,0.98,,"https://external-preview.redd.it/dWN6eDdyN2ZsbWNlMds8KlCGtrz93dbZXMC361ULEUyJ8yRxwMqKWFXUB1Nz.png?width=140&height=86&crop=140:86,smart&format=jpg&v=enabled&lthumb=true&s=dd089343c26f5a081baf2d1afffe17da2b37def5",0,True
1hzk2fo,Mom carries her big baby,99,5,Popppyy_Joys,2025-01-12 10:37:40,https://v.redd.it/zzzvac72kjce1,False,False,False,False,99,1.0,,"https://external-preview.redd.it/eWllcnZxNzJramNlMb6tm0pNmeVy_weVoXQTU14NOHFu6Zb_nvzGH29IvjWy.png?width=140&height=140&crop=140:140,smart&format=jpg&v=enabled&lthumb=true&s=464d0eb65bb07fe45ee5617477611dd045718105",0,True
1hzlozo,"Cat gives sheep a massage    
",92,1,Regular_Tiger_8985,2025-01-12 12:31:20,https://v.redd.it/09lfruxqvjce1,False,False,False,False,92,0.99,,"https://external-preview.redd.it/bTNpN2Z5eHF2amNlMfYIwJanZkVPaocu39f745W-qWuHZ_Kg4d3nCtXYWHcL.png?width=140&height=140&crop=140:140,smart&format=jpg&v=enabled&lthumb=true&s=17edfbe4f95c2767045a7e9e5ddb71301e9df5eb",0,True
1hzkcne,"My dog Benny, being the best surrogate mama to my orphaned foster kitten, Gorilla! She is trying so hard to find the milk, even though she just ate! ",90,7,Candy_CChics,2025-01-12 10:58:56,https://v.redd.it/h4zhglfvnjce1,False,False,False,False,90,0.98,,"https://external-preview.redd.it/dHRqcXZ3ZnZuamNlMR9B5NqoAw1aJ20vRoyV440VWN6yewZG2mX9_KFbmMHl.png?width=140&height=140&crop=140:140,smart&format=jpg&v=enabled&lthumb=true&s=a1051cd2f482fa997a28a6f027390851d3de11bf",0,True
1hzw4a8,When you have your own meme🤣🤣,63,1,Emergency_Ice_5861,2025-01-12 20:29:56,https://i.redd.it/laiiqayvqjce1.jpeg,False,False,False,False,63,0.98,,https://b.thumbs.redditmedia.com/357GDrq9oe1cGuTzd_jtDgoGwhiyIXbkRuchJS9o4Lw.jpg,0,False
1hzhyp3,"This is Garfield, he is my school’s cat, he just showed up one day and refused to leave so we take care of him now and yes he likes food a lot. There has been a couple of incidents where he took a bite out of my sandwhich and thats actually how my relationship started with him.",66,1,ChatnNaked,2025-01-12 08:01:00,https://www.reddit.com/gallery/uxtt6f,False,False,False,False,66,0.98,,default,0,False
1hzzj0v,Sweet Swan Family! ,76,10,MindMeetsWorld,2025-01-12 22:57:17,https://i.redd.it/qmyz0w828nce1.jpeg,False,False,False,False,76,0.99,,https://a.thumbs.redditmedia.com/CjOsX-jegsFG959uTm8Dx4u2dePyLOp490wCiZ5dP48.jpg,0,False
1hzhv15,Hello my name is Snackie and I like to snack ,59,1,LusciousAndProud,2025-01-12 07:53:36,https://v.redd.it/989tnwwpqice1,False,False,False,False,59,0.96,,"https://external-preview.redd.it/MW10M2Z4d3BxaWNlMclrrMt_KWy4V-xKLn0w-vFSbI2mE8nh20HuAZcRKSNN.png?width=140&height=140&crop=140:140,smart&format=jpg&v=enabled&lthumb=true&s=611bd1eb9b6850c40e2a0a9fb636bb65e8df2b96",0,True
1hzytco,Neigh-ver thought I’d see a horse making snow angels…,77,9,meowkittyyx,2025-01-12 22:25:33,https://v.redd.it/lidt9lzc2nce1,False,False,False,False,77,0.94,,"https://external-preview.redd.it/b3lqNGlpemMybmNlMaEy_O1GZ8Wo7lZatjZSm27t9gakL34Bai3-Zv2dJqeh.png?width=140&height=140&crop=140:140,smart&format=jpg&v=enabled&lthumb=true&s=5a33396f1ab1258eccf1de463bde8196eaaee165",0,True
1hze7m2,Cutie,56,1,Meluha1173,2025-01-12 03:57:20,https://v.redd.it/jza927fokhce1,False,False,False,False,56,0.94,,"https://external-preview.redd.it/cTllNHJmN29raGNlMWuXoLGS6Pa7aJV_DArOA10DTWanAUEM02orlEkQ-I1x.png?width=140&height=140&crop=140:140,smart&format=jpg&v=enabled&lthumb=true&s=dc21eaf72abbe4ca374e66d29911bec6c07f3b0d",0,True
1hzq0gv,I miss you.,42,0,Legitimate_Chef_4486,2025-01-12 16:11:21,https://i.redd.it/a69ccx2n7lce1.jpeg,False,False,False,False,42,0.89,I wish I had more time with you.,https://b.thumbs.redditmedia.com/kSw8bmGYQrglR9g4xHXgOpHmef-FWJOTxLwlBs9CJPc.jpg,0,False
1hzkt4m,"If you fall in love, you lose",43,7,Alisonlopezx,2025-01-12 11:31:34,https://v.redd.it/geat09gotjce1,False,False,False,False,43,0.7,,"https://external-preview.redd.it/eG44aG0xcG50amNlMcSdbVG56IVCVg140ZP-onWZu2whLt9Ph2_qDqpl0vZ1.png?width=140&height=140&crop=140:140,smart&format=jpg&v=enabled&lthumb=true&s=ab6c21f9fb3411901dd56eb2d7fb45f2e6864315",0,True
1hzisv5,"The most wholesome view
",39,1,michaelgross9288,2025-01-12 09:02:53,https://v.redd.it/bkwq2af53jce1,False,False,False,False,39,0.97,,"https://external-preview.redd.it/bmlxNzltZTUzamNlMY_mPdENyyrcNOqGV7gKlOmjMMDhdDh6nw5EAKlraF7Z.png?width=140&height=140&crop=140:140,smart&format=jpg&v=enabled&lthumb=true&s=d8ed86df3f217b54eea7a8b5b50df43a35fdd7e3",0,True
1hzkb34,Tiny lion cubs have no care in the world under the protection of their mother,34,2,CChhic_Honeys,2025-01-12 10:55:47,https://v.redd.it/j5j15xgbnjce1,False,False,False,False,34,0.98,,"https://external-preview.redd.it/b3BrZzE3aGJuamNlMYeE5UgvqQAv4B8Jgdlj6_AGNWnAij3r5Ef7DH6slntS.png?width=140&height=78&crop=140:78,smart&format=jpg&v=enabled&lthumb=true&s=e5ac7d55e30aebafa8fb2a2ba4de850e1ec2d1a0",0,True
1hzm2ht,I taught my old lady how to give me her paw ❤️,30,4,ChanceQuiet795,2025-01-12 12:55:07,https://v.redd.it/e4om5t0m8kce1,False,False,False,False,30,0.89,,"https://external-preview.redd.it/YnppZ2h1dGw4a2NlMfsEq93gEjzsysOH5raXhnPYzlFIVxS-iQzMczBiULl_.png?width=140&height=140&crop=140:140,smart&format=jpg&v=enabled&lthumb=true&s=d1bfe54c4afc77ee6a3001722a7ddf349e33d00c",0,True
1hzd9e2,puppy,30,5,hoboguy26,2025-01-12 03:04:23,https://i.redd.it/h3t3ree8bhce1.jpeg,False,False,False,False,30,0.97,,https://b.thumbs.redditmedia.com/iQ5L8ipe9KpxVrnveZlnmhnGNFUGW5wupI5PeZtcMcQ.jpg,0,False
1hzgmun,He wants to show off his new bracelet,30,2,camiisosa,2025-01-12 06:26:24,https://i.redd.it/w808c2e8bice1.jpeg,False,False,False,False,30,0.93,,https://a.thumbs.redditmedia.com/n3964VYLmGxPz0pIwwyv3STB7FMwzA-XLbdG33hy8P0.jpg,0,False
1i00bif,Maya always pampering her little sister ,32,2,fernandalejandra,2025-01-12 23:33:47,https://v.redd.it/hnzx61ekence1,False,False,False,False,32,0.96,,"https://external-preview.redd.it/cnh4OHpwYmtlbmNlMfIoByeLv3dgmqiCIIMDvjKBYMvDQqt8ay1icyKnU77U.png?width=140&height=140&crop=140:140,smart&format=jpg&v=enabled&lthumb=true&s=83042af7974f769dcbab448d6a58504a5e866eed",0,True
1hzrprq,They call her DJ pampers,21,3,Jonathan-Smith,2025-01-12 17:24:31,https://v.redd.it/nozdnd22klce1,False,False,False,False,21,0.84,,default,0,False
1hzmcc2,"""Welcome to my crib""",22,1,lnfinity,2025-01-12 13:11:03,https://i.imgur.com/ycyHmRv.gifv,False,False,False,False,22,0.87,,https://b.thumbs.redditmedia.com/qPR067VIKwgXuuG-TGJYlgGKcHMDgkotkYXRYNGNQKA.jpg,0,False
1hzhtj6,Sloufi just woke up and is already so adorable!,22,1,Robinsonqy5ae,2025-01-12 07:50:25,https://i.redd.it/okg217h3qice1.png,False,False,False,False,22,1.0,,https://b.thumbs.redditmedia.com/gQoVQ0-Da1zd4l3vV0HH9Ufl7jCNhqT_c7t-Z3M0q_E.jpg,0,False
1hzbsam,Sleepy puppy,16,3,ChoiceCap7056,2025-01-12 01:44:53,https://i.redd.it/buk711w0xgce1.jpeg,False,False,False,False,16,0.92,,https://a.thumbs.redditmedia.com/YJ5zFrUvuW17_VBa8VWaoEAP6wX57JacFq-FG860K00.jpg,0,False
1hzg2tw,"Fight each other all day, but still sleep together",16,1,LusciousAndProud,2025-01-12 05:48:59,https://i.redd.it/adnfqj9g4ice1.jpeg,False,False,False,False,16,0.95,,https://b.thumbs.redditmedia.com/dy8ENUMzAZ7A3feQ09Bz3vGdah9NuWpRyyqMjQ6lQLE.jpg,0,False
1hzq05j,Happy boye,16,0,lnfinity,2025-01-12 16:11:03,https://i.imgur.com/mSzhQSc.gifv,False,False,False,False,16,0.92,,https://a.thumbs.redditmedia.com/DxwvxFB4ELdMs47Vc0FAbQptFUBCVgYsSz2Ke9iGfv4.jpg,0,False
1hznqot,a little babe enjoying the sun,14,1,Honeydah,2025-01-12 14:24:49,https://v.redd.it/ojl79gvbokce1,False,False,False,False,14,0.9,,"https://external-preview.redd.it/czBiMTRndmJva2NlMcprNU8TyCwoUW1J2ofcDtl34dINz8YZFOljlUYgxZw2.png?width=140&height=140&crop=140:140,smart&format=jpg&v=enabled&lthumb=true&s=9175e7f932ad15b38bebfec5b9d0f8f601641ad2",0,True
1hzm1fd,A commission I drew of a sweet dog. I used Charcoal pencils for this portrait.,10,2,Cary_21,2025-01-12 12:53:08,https://i.redd.it/1wwx0aq98kce1.jpeg,False,False,False,False,10,0.74,,https://b.thumbs.redditmedia.com/4CS1Dj8RRHnVoEMdkzLYGN4Q4yIAmlZbRhAa71ep4XM.jpg,0,False
1hzjpjf,I don't know how to behave well hahahahaha😂😍🥰,10,3,cata_69x,2025-01-12 10:10:38,https://i.redd.it/oepd8e6afjce1.jpeg,False,False,False,False,10,0.92,,https://b.thumbs.redditmedia.com/0uQ8qp5oz4JNF1Me2imjgEhd5o47MJND8PP6skj5kek.jpg,0,False
1hzlqzn,Who needs blankets when you have all these cats and a dog to keep me toasty warm....,8,0,unwelcome_frown15,2025-01-12 12:34:59,https://i.imgur.com/SQn2RL6.gifv,False,False,False,False,8,0.91,,https://b.thumbs.redditmedia.com/FNElAwlmuxop5fO5a23V_HU0W4qZE1YhQedr5HFYSUU.jpg,0,False
1hzht6c,Look at my little one sleeping like a baby... drop pics of your pets napping like angels!,7,1,Justy1212,2025-01-12 07:49:41,https://i.redd.it/jcaodyeopice1.png,False,False,False,False,7,0.9,,https://b.thumbs.redditmedia.com/TXgcWQvNZcOoR_PYUtYTrfWRnQiAZyR59i8_wSbE_NQ.jpg,0,False
1hzcijw,Sleepy boy ,8,1,chad_dylan_cooper_,2025-01-12 02:23:40,https://i.redd.it/zpxprtxy3hce1.jpeg,False,False,False,False,8,0.9,,https://b.thumbs.redditmedia.com/u7f3mAj__bU4QhDlizBfIDTUvC_-fwCNCRxUpgKhdRk.jpg,0,False
1hzwu5h,Best life,8,1,ELdjoudi_Eps_123,2025-01-12 21:00:42,https://v.redd.it/4ike6wz6nmce1,False,False,False,False,8,0.91,,"https://external-preview.redd.it/eDFpa3c5bjVubWNlMURblvxrjVI0qsyoVXTHKmUE7cJ624pckvf4CjB1OmqQ.png?width=140&height=140&crop=140:140,smart&format=jpg&v=enabled&lthumb=true&s=e4eb1ff7c5e33e661a32f61b521c3926b2b92203",0,True
1hzzg4y,Sweet Backyard Visitor! ,6,2,MindMeetsWorld,2025-01-12 22:53:39,https://i.redd.it/7u35e2we7nce1.jpeg,False,False,False,False,6,1.0,,https://b.thumbs.redditmedia.com/-6XRbvWfQhAU-Y0BFADG5vglUe6a-CT43tmJ6WoCkBM.jpg,0,False
1hzbfa7,This is how my dog sleeps,5,1,BrandNewtoSteam,2025-01-12 01:26:05,https://i.redd.it/okhzpnzotgce1.jpeg,False,False,False,False,5,1.0,,https://b.thumbs.redditmedia.com/xOg5doCsG_ST8--aKdqxqfZzAnI7fMzy4cB6aawJRBU.jpg,0,False
1hzhvbj,A good-hearted man saves a dog in freezing water.,4,3,Vendelight,2025-01-12 07:54:13,https://v.redd.it/ndpa1b6seice1,False,False,False,False,4,0.67,,default,0,False
1hzcts4,I made clothes for my kitties and dressed them up.,1,0,Express_Classic_1569,2025-01-12 02:40:32,https://ecency.com/hive-187635/@theworldaroundme/chic-kitties-blu-and-coco,False,False,False,False,1,0.57,,https://a.thumbs.redditmedia.com/H7rGZs53lg_vbtLIlkx9AsxflBDiUNZ0m_RJEPKbRR8.jpg,0,False
